383498,Deadpool 2
402900,Ocean's Eight
363088,Ant-Man and the Wasp
466282,To All the Boys I've Loved Before
455980,Tag
454983,The Kissing Booth
293660,Deadpool
523873,Kung Fu League
283995,Guardians of the Galaxy Vol. 2
177572,Big Hero 6
291805,Now You See Me 2
98566,Teenage Mutant Ninja Turtles
400155,Hotel Transylvania 3: Summer Vacation
399174,Isle of Dogs
487558,BlacKkKlansman
455207,Crazy Rich Asians
207703,Kingsman: The Secret Service
159824,Hotel Transylvania 2
420814,Christopher Robin
445571,Game Night
150540,Inside Out
449176,"Love, Simon"
507562,Crayon Shin-chan: Burst Serving! Kung Fu Boys ~Ramen Rebellion~
269149,Zootopia
270946,Penguins of Madagascar
425,Ice Age
20352,Despicable Me
808,Shrek
585,"Monsters, Inc."
181533,Night at the Museum: Secret of the Tomb
166426,Pirates of the Caribbean: Dead Men Tell No Tales
14160,Up
335797,Sing
454619,Overboard
18785,The Hangover
353486,Jumanji: Welcome to the Jungle
257344,Pixels
455656,#RealityHigh
390043,The Hitman's Bodyguard
460668,I Feel Pretty
454992,The Spy Who Dumped Me
194662,Birdman
608,Men in Black II
437557,Blockers
502682,Book Club
278154,Ice Age: Collision Course
339846,Baywatch
62177,Brave
503619,The Package
809,Shrek 2
472918,Wiro Sableng: 212 Warrior
1593,Night at the Museum
118,Charlie and the Chocolate Factory
456086,Support the Girls
370567,Sherlock Gnomes
320846,Sky Sharks
458423,Mamma Mia! Here We Go Again
920,Cars
106646,The Wolf of Wall Street
194,Amélie
260514,Cars 3
82690,Wreck-It Ralph
214756,Ted 2
57800,Ice Age: Continental Drift
218746,Young Mother
950,Ice Age: The Meltdown
93456,Despicable Me 2
19913,(500) Days of Summer
77338,The Intouchables
391713,Lady Bird
76492,Hotel Transylvania
313369,La La Land
9502,Kung Fu Panda
18360,Night at the Museum: Battle of the Smithsonian
412988,The Happytime Murders
10192,Shrek Forever After
225886,Sex Tape
127380,Finding Dory
384677,Set It Up
490004,Arizona
10193,Toy Story 3
364689,Ferdinand
512703,Opa wird Papa
11631,Mamma Mia!
454283,Action Point
418827,Sister's Younger Husband
4247,Scary Movie
210860,Mortdecai
171274,Inherent Vice
538604,The After Party
227159,Horrible Bosses 2
140300,Kung Fu Panda 3
271718,Trainwreck
310,Bruce Almighty
353616,Pitch Perfect 3
46195,Rio
474335,Uncle Drew
45243,The Hangover Part II
542436,Bikini Valley Car Wash
376659,Bad Moms
254470,Pitch Perfect 2
434355,Taxi 5
10625,Mean Girls
274167,Daddy's Home
112160,Sexual Chronicles of a French Family
120467,The Grand Budapest Hotel
2770,American Pie 2
433310,When We First Met
38055,Megamind
810,Shrek the Third
89492,This Is 40
49013,Cars 2
400579,Tully
340022,Gringo
2062,Ratatouille
41154,Men in Black 3
238713,Spy
249635,Seven Street Fighters
41630,No Strings Attached
43074,Ghostbusters
324852,Despicable Me 3
516810,Wir lieben das Leben
82702,How to Train Your Dragon 2
517358,Eine Hochzeit platzt selten allein
8355,Ice Age: Dawn of the Dinosaurs
22538,Scott Pilgrim vs. the World
64688,21 Jump Street
13053,Bolt
350,The Devil Wears Prada
7453,The Hitchhiker's Guide to the Galaxy
503321,Meine Oma spinnt
19908,Zombieland
503314,Dragon Ball Super: Broly
257445,Goosebumps
324849,The Lego Batman Movie
517061,Weiser
268531,Captain Underpants: The First Epic Movie
337170,American Made
72105,Ted
339404,The Layover
88751,Journey to the Center of the Earth
256961,Paul Blart: Mall Cop 2
399796,Life of the Party
399170,Logan Lucky
196867,Annie
517324,Yucatán
512180,Yamla Pagla Deewana: Phir Se
114150,Pitch Perfect
787,Mr. & Mrs. Smith
1597,Meet the Parents
95610,Bridget Jones's Baby
109439,The Hangover Part III
10527,Madagascar: Escape 2 Africa
301337,Downsizing
414919,Hart Beat
136799,Trolls
20256,The Bodyguard
193893,Let's Be Cops
4327,Charlie's Angels
200727,"Love, Rosie"
272693,The DUFF
325133,Neighbors 2: Sorority Rising
2332,Taxi 2
290250,The Nice Guys
65057,The Descendants
4638,Hot Fuzz
508,Love Actually
378236,The Emoji Movie
137116,Smurfs: The Lost Village
223702,Sausage Party
346648,Paddington 2
256591,Focus
9928,Robots
8871,How the Grinch Stole Christmas
187017,22 Jump Street
228161,Home
22794,Cloudy with a Chance of Meatballs
10555,Shark Tale
1574,Chicago
10201,Yes Man
71552,American Reunion
122906,About Time
485880,Safari: Match Me If You Can
35,The Simpsons Movie
11774,Lemony Snicket's A Series of Unfortunate Events
4523,Enchanted
80321,Madagascar 3: Europe's Most Wanted
228967,The Interview
239563,St. Vincent
138832,We're the Millers
536429,Shailaja Reddy Alludu
5559,Bee Movie
37834,Knight and Day
265195,Wild Tales
137106,The Lego Movie
39514,RED
501763,Scheidung für Anfänger
62213,Dark Shadows
136400,2 Guns
50022,Super Troopers 2
302699,Central Intelligence
4256,Scary Movie 3
4258,Scary Movie 5
13971,Wild Child
22970,The Cabin in the Woods
22705,Cheeky
172385,Rio 2
44896,Rango
86838,Seven Psychopaths
257211,The Intern
134374,Pain & Gain
195589,Neighbors
41513,The Smurfs
8273,American Wedding
9836,Happy Feet
9486,Johnny English
100042,Dumb and Dumber To
116149,Paddington
296099,Vacation
49524,R.I.P.D.
109414,This Is the End
436931,Pokémon the Movie: I Choose You!
9023,Spirit: Stallion of the Cimarron
400928,Gifted
11283,Nanny McPhee
18240,The Proposal
138697,Don Jon
693,Meet the Fockers
9471,Charlie's Angels: Full Throttle
6477,Alvin and the Chipmunks
11430,The Lion King 1½
419680,Daddy's Home 2
49519,The Croods
490214,Iceman 2
425980,Brad's Status
511785,Alex Strangelove
228326,The Book of Life
1268,Mr. Bean's Holiday
9352,EuroTrip
9398,Zoolander
431530,A Bad Moms Christmas
1824,50 First Dates
392,Chocolat
211672,Minions
518452,Like Father
2976,Hairspray
474125,The Golden Monk
8961,Bad Boys II
9982,Chicken Little
11024,Scooby-Doo 2: Monsters Unleashed
8584,Shanghai Noon
146216,RED 2
10315,Fantastic Mr. Fox
507143,Candy Jar
254320,The Lobster
308531,Teenage Mutant Ninja Turtles: Out of the Shadows
634,Bridget Jones's Diary
6957,The 40 Year Old Virgin
224141,Into the Woods
371638,The Disaster Artist
12242,Mulan II
332210,Storks
262391,Serial (Bad) Weddings
252838,The Wedding Ringer
261392,American Ultra
4964,Knocked Up
203801,The Man from U.N.C.L.E.
87567,The Big Wedding
5236,Kiss Kiss Bang Bang
523849,The Last Sharknado: It's About Time
371645,Hunt for the Wilderpeople
59436,Midnight in Paris
4257,Scary Movie 4
376660,The Edge of Seventeen
351964,The Escort
308266,War Dogs
37735,Easy A
339967,Colossal
27022,The Sorcerer's Apprentice
375107,Duck Duck Goose
9339,Click
62764,Mirror Mirror
50544,Friends with Benefits
15165,Barbie as The Princess & the Pauper
55721,Bridesmaids
9880,The Princess Diaries
594,The Terminal
259694,How to Be Single
209244,Are You Here
11619,Flushed Away
11130,The Princess Diaries 2: Royal Engagement
391710,A Futile and Stupid Gesture
20760,Lilo & Stitch 2: Stitch has a Glitch
354861,Father Figures
51540,Horrible Bosses
10054,Spy Kids
295964,Burnt
533,Wallace & Gromit: The Curse of the Were-Rabbit
50646,"Crazy, Stupid, Love."
342473,Ballerina
